run_id,opening_index,candidate_colour,game_ply,mover,san,uci,time_before_s,thinking_s,clock_after_s,completed_depth,search_nodes,score_from_mover_cp,search_target_ms
20260904T225015Z-3127d875,140,white,0,Storm r2,fxe4,f3e4,10.0,0.419041,9.680959000000001,10,408663,343,471
20260904T225015Z-3127d875,140,white,1,v3,e6,e7e6,10.0,0.7094389999999999,9.390561,,,,
20260904T225015Z-3127d875,140,white,2,Storm r2,exd5,e4d5,9.68,0.458612,9.321388,9,409838,349,460
20260904T225015Z-3127d875,140,white,3,v3,exd5,e6d5,9.39,0.650668,8.839332,,,,
20260904T225015Z-3127d875,140,white,4,Storm r2,dxc5,d4c5,9.322,0.522832,8.899168,10,491453,384,452
20260904T225015Z-3127d875,140,white,5,v3,Ke8,d7e8,8.839,0.5213949999999999,8.417605,,,,
20260904T225015Z-3127d875,140,white,6,Storm r2,Nc3,b1c3,8.899,0.457396,8.541604,11,450619,390,459
20260904T225015Z-3127d875,140,white,7,v3,Bxc5,f8c5,8.418,0.832729,7.685270999999999,,,,
20260904T225015Z-3127d875,140,white,8,Storm r2,Nge2,g1e2,8.541,0.40592399999999995,8.235076000000001,10,344124,393,1041
20260904T225015Z-3127d875,140,white,9,v3,Nc6,b8c6,7.685,0.6535359999999999,7.131464,,,,
20260904T225015Z-3127d875,140,white,10,Storm r2,Nxd5,c3d5,8.235,0.384047,7.950952999999999,10,310207,393,433
20260904T225015Z-3127d875,140,white,11,v3,Nb4,c6b4,7.131,0.806888,6.424112,,,,
20260904T225015Z-3127d875,140,white,12,Storm r2,Nec3,e2c3,7.951,0.526744,7.524256,11,413765,407,436
20260904T225015Z-3127d875,140,white,13,v3,Qd7,d8d7,6.424,0.554766,5.969234,,,,
20260904T225015Z-3127d875,140,white,14,Storm r2,e4,e3e4,7.524,0.40563099999999996,7.218369,10,305071,413,420
20260904T225015Z-3127d875,140,white,15,v3,Qd8,d7d8,5.97,0.436565,5.633435,,,,
20260904T225015Z-3127d875,140,white,16,Storm r2,Qe2,d1e2,7.219,0.537477,6.781523,10,408454,442,515
20260904T225015Z-3127d875,140,white,17,v3,Nxd5,b4d5,5.633,0.455498,5.277502,,,,
20260904T225015Z-3127d875,140,white,18,Storm r2,Nxd5,c3d5,6.781,0.638295,6.242705,10,502979,463,421
20260904T225015Z-3127d875,140,white,19,v3,Rc8,a8c8,5.277,0.592881,4.784119,,,,
20260904T225015Z-3127d875,140,white,20,Storm r2,Bf4,c1f4,6.243,1.15533,5.18767,10,868090,473,409
20260904T225015Z-3127d875,140,white,21,v3,Qh4+,d8h4,4.784,0.571188,4.312812,,,,
20260904T225015Z-3127d875,140,white,22,Storm r2,Bg3,f4g3,5.188,0.540414,4.747586,10,331368,497,413
20260904T225015Z-3127d875,140,white,23,v3,Qh6,h4h6,4.313,0.636152,3.7768479999999998,,,,
20260904T225015Z-3127d875,140,white,24,Storm r2,Rf1,h1f1,4.747,0.32330000000000003,4.5237,9,242552,496,365
20260904T225015Z-3127d875,140,white,25,v3,Rf8,h8f8,3.777,0.586664,3.2903360000000004,,,,
20260904T225015Z-3127d875,140,white,26,Storm r2,Rf5,f1f5,4.524,0.50156,4.12244,9,351802,506,358
20260904T225015Z-3127d875,140,white,27,v3,Bd6,c5d6,3.29,0.359686,3.0303139999999997,,,,
20260904T225015Z-3127d875,140,white,28,Storm r2,Rd1,a1d1,4.122,0.639045,3.582955,9,421070,552,745
20260904T225015Z-3127d875,140,white,29,v3,Rc6,c8c6,3.031,0.51316,2.61784,,,,
20260904T225015Z-3127d875,140,white,30,Storm r2,Bxd6,g3d6,3.583,0.257458,3.425542,9,184834,600,344
20260904T225015Z-3127d875,140,white,31,v3,Rxd6,c6d6,2.617,0.465989,2.251011,,,,
20260904T225015Z-3127d875,140,white,32,Storm r2,Qc4,e2c4,3.426,0.516609,3.009391,9,291350,896,618
20260904T225015Z-3127d875,140,white,33,v3,f6,f7f6,2.251,0.271853,2.079147,,,,
20260904T225015Z-3127d875,140,white,34,Storm r2,Qc8+,c4c8,3.009,0.470943,2.638057,9,297878,867,333
20260904T225015Z-3127d875,140,white,35,v3,Kf7,e8f7,2.079,0.459385,1.7196150000000001,,,,
20260904T225015Z-3127d875,140,white,36,Storm r2,Qc7+,c8c7,2.638,0.452677,2.285323,10,320413,902,494
20260904T225015Z-3127d875,140,white,37,v3,Kg8,f7g8,1.72,0.427861,1.392139,,,,
20260904T225015Z-3127d875,140,white,38,Storm r2,Qxd6,c7d6,2.285,0.674806,1.710194,10,491837,918,595
20260904T225015Z-3127d875,140,white,39,v3,Qh4+,h6h4,1.392,0.434498,1.057502,,,,
20260904T225015Z-3127d875,140,white,40,Storm r2,Rf2,f5f2,1.71,0.440241,1.369759,11,318256,921,310
20260904T225015Z-3127d875,140,white,41,v3,Re8,f8e8,1.058,0.717835,0.440165,,,,
20260904T225015Z-3127d875,140,white,42,Storm r2,Ne7+,d5e7,1.37,0.6818529999999999,0.788147,10,488790,995,620
20260904T225015Z-3127d875,140,white,43,v3,Kf7,g8f7,0.44,0.000884,0.539116,,,,
20260904T225015Z-3127d875,140,white,44,Storm r2,Nf5,e7f5,0.788,0.125136,0.762864,10,86678,1031,253
20260904T225015Z-3127d875,140,white,45,v3,Rh8,e8h8,0.539,0.0013160000000000001,0.6376839999999999,,,,
20260904T225015Z-3127d875,140,white,46,Storm r2,Qd7+,d6d7,0.763,0.0056760000000000005,0.857324,3,2178,31993,361
20260904T225015Z-3127d875,140,white,47,v3,Kg6,f7g6,0.637,0.038092,0.698908,,,,
20260904T225015Z-3127d875,140,white,48,Storm r2,Qxg7+,d7g7,0.857,0.002262,0.9547380000000001,1,99,31995,425
20260904T225015Z-3127d875,140,white,49,v3,Kh5,g6h5,0.699,0.003774,0.795226,,,,
20260904T225015Z-3127d875,140,white,50,Storm r2,Qh6+,g7h6,0.955,0.002312,1.052688,1,100,31997,425
20260904T225015Z-3127d875,140,white,51,v3,Kg4,h5g4,0.795,0.001683,0.893317,,,,
20260904T225015Z-3127d875,140,white,52,Storm r2,Qxh4#,h6h4,1.053,0.002021,1.150979,1,83,31999,425
20260904T225015Z-3127d875,140,black,0,v3,fxe4,f3e4,10.0,0.778347,9.321653,,,,
20260904T225015Z-3127d875,140,black,1,Storm r2,dxe4,d5e4,10.0,1.212164,8.887836,11,1266884,-341,847
20260904T225015Z-3127d875,140,black,2,v3,dxc5+,d4c5,9.321,0.831611,8.589388999999999,,,,
20260904T225015Z-3127d875,140,black,3,Storm r2,Ke8,d7e8,8.887,0.867557,8.119443,14,1008333,-352,807
20260904T225015Z-3127d875,140,black,4,v3,Qxd8+,d1d8,8.589,0.688943,8.000057,,,,
20260904T225015Z-3127d875,140,black,5,Storm r2,Kxd8,e8d8,8.12,0.001029,8.218971,,,,
20260904T225015Z-3127d875,140,black,6,v3,Nc3,b1c3,8.0,0.6568200000000001,7.44318,,,,
20260904T225015Z-3127d875,140,black,7,Storm r2,Na6,b8a6,8.219,0.965904,7.353096,13,1133962,-316,843
20260904T225015Z-3127d875,140,black,8,v3,Nxe4,c3e4,7.444,0.511772,7.032228,,,,
20260904T225015Z-3127d875,140,black,9,Storm r2,Rc8,a8c8,7.353,0.517938,6.935062,12,610424,-333,483
20260904T225015Z-3127d875,140,black,10,v3,Bd2,c1d2,7.032,0.476115,6.6558850000000005,,,,
20260904T225015Z-3127d875,140,black,11,Storm r2,Nxc5,a6c5,6.935,0.31869099999999995,6.716309,12,349882,-338,429
20260904T225015Z-3127d875,140,black,12,v3,Nxc5,e4c5,6.656,0.447772,6.308228,,,,
20260904T225015Z-3127d875,140,black,13,Storm r2,Rxc5,c8c5,6.716,0.405205,6.410795,12,425097,-342,430
20260904T225015Z-3127d875,140,black,14,v3,O-O-O,e1c1,6.308,0.435678,5.972322,,,,
20260904T225015Z-3127d875,140,black,15,Storm r2,Ke8,d8e8,6.411,0.28516699999999995,6.225833,11,285945,-342,424
20260904T225015Z-3127d875,140,black,16,v3,Nf3,g1f3,5.972,0.70914,5.3628599999999995,,,,
20260904T225015Z-3127d875,140,black,17,Storm r2,g6,g7g6,6.225,0.588904,5.736096,12,619132,-346,757
20260904T225015Z-3127d875,140,black,18,v3,Bb4,d2b4,5.363,0.5827749999999999,4.880225,,,,
20260904T225015Z-3127d875,140,black,19,Storm r2,Rc4,c5c4,5.736,0.669539,5.166461,13,672003,-333,738
20260904T225015Z-3127d875,140,black,20,v3,Bc3,b4c3,4.88,0.489055,4.490945,,,,
20260904T225015Z-3127d875,140,black,21,Storm r2,Rg8,h8g8,5.167,0.417306,4.849694,13,434267,-342,394
20260904T225015Z-3127d875,140,black,22,v3,Rd3,d1d3,4.491,0.5618500000000001,4.0291500000000005,,,,
20260904T225015Z-3127d875,140,black,23,Storm r2,Bh6,f8h6,4.85,0.610773,4.339227,11,557178,-355,593
20260904T225015Z-3127d875,140,black,24,v3,Rhd1,h1d1,4.029,0.44653,3.6824700000000004,,,,
20260904T225015Z-3127d875,140,black,25,Storm r2,f6,f7f6,4.339,0.345961,4.093039,11,312496,-352,379
20260904T225015Z-3127d875,140,black,26,v3,Bd4,c3d4,3.682,0.6074930000000001,3.174507,,,,
20260904T225015Z-3127d875,140,black,27,Storm r2,b6,b7b6,4.093,0.27932100000000004,3.913679,11,261159,-350,363
20260904T225015Z-3127d875,140,black,28,v3,Nd2,f3d2,3.175,0.531164,2.7438360000000004,,,,
20260904T225015Z-3127d875,140,black,29,Storm r2,Rc8,c4c8,3.913,0.373387,3.6396129999999998,11,344462,-341,359
20260904T225015Z-3127d875,140,black,30,v3,Ne4,d2e4,2.744,0.483372,2.360628,,,,
20260904T225015Z-3127d875,140,black,31,Storm r2,Kf7,e8f7,3.64,1.179147,2.5608530000000003,12,1077886,-339,839
20260904T225015Z-3127d875,140,black,32,v3,Rf1,d1f1,2.36,0.42041199999999995,2.039588,,,,
20260904T225015Z-3127d875,140,black,33,Storm r2,f5,f6f5,2.561,0.305603,2.355397,9,254763,-339,408
20260904T225015Z-3127d875,140,black,34,v3,Ra3,d3a3,2.04,0.392104,1.747896,,,,
20260904T225015Z-3127d875,140,black,35,Storm r2,Rgd8,g8d8,2.355,0.227875,2.227125,10,201464,-318,310
20260904T225015Z-3127d875,140,black,36,v3,Nd2,e4d2,1.748,0.278372,1.569628,,,,
20260904T225015Z-3127d875,140,black,37,Storm r2,Rd7,d8d7,2.227,0.226448,2.1005519999999995,10,205974,-319,310
20260904T225015Z-3127d875,140,black,38,v3,Nf3,d2f3,1.569,0.27223899999999995,1.396761,,,,
20260904T225015Z-3127d875,140,black,39,Storm r2,Kg8,f7g8,2.101,0.324491,1.876509,10,277818,-320,300
20260904T225015Z-3127d875,140,black,40,v3,Rd1,f1d1,1.397,0.417005,1.0799949999999998,,,,
20260904T225015Z-3127d875,140,black,41,Storm r2,Rcd8,c8d8,1.876,0.302132,1.673868,10,252910,-323,361
20260904T225015Z-3127d875,140,black,42,v3,Rad3,a3d3,1.08,0.438499,0.741501,,,,
20260904T225015Z-3127d875,140,black,43,Storm r2,Bg7,h6g7,1.674,0.21549700000000002,1.558503,10,228375,-319,288
20260904T225015Z-3127d875,140,black,44,v3,Ng5,f3g5,0.741,0.314937,0.526063,,,,
20260904T225015Z-3127d875,140,black,45,Storm r2,Bxd4,g7d4,1.558,0.431224,1.226776,12,452968,-326,283
20260904T225015Z-3127d875,140,black,46,v3,Nxh7,g5h7,0.526,0.001287,0.624713,,,,
20260904T225015Z-3127d875,140,black,47,Storm r2,Bxe3+,d4e3,1.227,0.778175,0.548825,17,914387,333,289
20260904T225015Z-3127d875,140,black,48,v3,Kb1,c1b1,0.625,0.026052,0.698948,,,,
20260904T225015Z-3127d875,140,black,49,Storm r2,Rxd3,d7d3,0.549,0.15003999999999998,0.49896,16,192512,333,97
20260904T225015Z-3127d875,140,black,50,v3,Rxd3,d1d3,0.699,0.155168,0.643832,,,,
20260904T225015Z-3127d875,140,black,51,Storm r2,Rxd3,d8d3,0.499,0.100005,0.498995,15,135168,325,64
20260904T225015Z-3127d875,140,black,52,v3,cxd3,c2d3,0.644,0.12964099999999998,0.614359,,,,
20260904T225015Z-3127d875,140,black,53,Storm r2,Kxh7,g8h7,0.499,0.099788,0.499212,13,131072,325,64
20260904T225015Z-3127d875,140,black,54,v3,Kc2,b1c2,0.614,0.277784,0.436216,,,,
20260904T225015Z-3127d875,140,black,55,Storm r2,g5,g6g5,0.499,0.071422,0.527578,9,100050,335,98
20260904T225015Z-3127d875,140,black,56,v3,b4,b2b4,0.436,0.000903,0.5350969999999999,,,,
20260904T225015Z-3127d875,140,black,57,Storm r2,g4,g5g4,0.527,0.060192999999999997,0.5668070000000001,9,84574,347,84
20260904T225015Z-3127d875,140,black,58,v3,Kc3,c2c3,0.535,0.000868,0.6341319999999999,,,,
20260904T225015Z-3127d875,140,black,59,Storm r2,f4,f5f4,0.567,0.113562,0.553438,10,154301,438,110
20260904T225015Z-3127d875,140,black,60,v3,Kc2,c3c2,0.634,0.048325,0.6856749999999999,,,,
20260904T225015Z-3127d875,140,black,61,Storm r2,f3,f4f3,0.554,0.101463,0.5525370000000001,11,143867,459,102
20260904T225015Z-3127d875,140,black,62,v3,gxf3,g2f3,0.686,0.175208,0.610792,,,,
20260904T225015Z-3127d875,140,black,63,Storm r2,gxf3,g4f3,0.552,0.08072,0.57128,12,106109,480,151
20260904T225015Z-3127d875,140,black,64,v3,Kd1,c2d1,0.611,0.183538,0.527462,,,,
20260904T225015Z-3127d875,140,black,65,Storm r2,b5,b6b5,0.571,0.11105899999999999,0.559941,11,153007,501,117
20260904T225015Z-3127d875,140,black,66,v3,Kc2,d1c2,0.527,0.0007970000000000001,0.626203,,,,
20260904T225015Z-3127d875,140,black,67,Storm r2,f2,f3f2,0.56,0.16139699999999998,0.498603,9,167936,1258,159
20260904T225015Z-3127d875,140,black,68,v3,a4,a2a4,0.626,0.09472499999999999,0.631275,,,,
20260904T225015Z-3127d875,140,black,69,Storm r2,bxa4,b5a4,0.499,0.074306,0.524694,9,71673,2124,98
20260904T225015Z-3127d875,140,black,70,v3,Kc3,c2c3,0.631,0.052421999999999996,0.678578,,,,
20260904T225015Z-3127d875,140,black,71,Storm r2,f1=Q,f2f1q,0.525,0.115054,0.509946,8,91887,1893,123
20260904T225015Z-3127d875,140,black,72,v3,d4,d3d4,0.679,0.173873,0.605127,,,,
20260904T225015Z-3127d875,140,black,73,Storm r2,Bxd4+,e3d4,0.509,0.109636,0.49936400000000003,6,104448,1893,70
20260904T225015Z-3127d875,140,black,74,v3,Kxd4,c3d4,0.605,0.132366,0.572634,,,,
20260904T225015Z-3127d875,140,black,75,Storm r2,a3,a4a3,0.5,0.09993099999999999,0.500069,6,97280,1838,64
20260904T225015Z-3127d875,140,black,76,v3,Ke5,d4e5,0.573,0.0008719999999999999,0.6721280000000001,,,,
20260904T225015Z-3127d875,140,black,77,Storm r2,a2,a3a2,0.5,0.041837000000000006,0.558163,6,40834,2009,99
20260904T225015Z-3127d875,140,black,78,v3,Ke6,e5e6,0.672,0.17191700000000001,0.6000829999999999,,,,
20260904T225015Z-3127d875,140,black,79,Storm r2,a1=Q,a2a1q,0.558,0.06612699999999999,0.5918730000000001,6,60204,31991,156
20260904T225015Z-3127d875,140,black,80,v3,Kxe7,e6e7,0.6,0.0008100000000000001,0.6991900000000001,,,,
20260904T225015Z-3127d875,140,black,81,Storm r2,Qaf6+,a1f6,0.592,0.004821,0.687179,3,4259,31995,190
20260904T225015Z-3127d875,140,black,82,v3,Kd7,e7d7,0.699,0.008416,0.790584,,,,
20260904T225015Z-3127d875,140,black,83,Storm r2,Qh3+,f1h3,0.687,0.002238,0.784762,1,137,31997,285
20260904T225015Z-3127d875,140,black,84,v3,Ke8,d7e8,0.791,0.001387,0.8896130000000001,,,,
20260904T225015Z-3127d875,140,black,85,Storm r2,Qc8#,h3c8,0.785,0.002456,0.882544,1,89,31999,383
20260904T225015Z-3127d875,141,white,0,Storm r2,c4,c2c4,10.0,0.50743,9.59257,10,489255,-44,470
20260904T225015Z-3127d875,141,white,1,v3,dxc4,d5c4,10.0,0.49651999999999996,9.60348,,,,
20260904T225015Z-3127d875,141,white,2,Storm r2,Nd2,b1d2,9.592,0.596029,9.095970999999999,10,562167,-62,693
20260904T225015Z-3127d875,141,white,3,v3,Nbc6,b8c6,9.603,0.559101,9.143899,,,,
20260904T225015Z-3127d875,141,white,4,Storm r2,Nxe4,d2e4,9.096,0.354939,8.841061,10,315607,-59,454
20260904T225015Z-3127d875,141,white,5,v3,Nf5,e7f5,9.144,0.480008,8.763992,,,,
20260904T225015Z-3127d875,141,white,6,Storm r2,Nf3,g1f3,8.841,0.36600099999999997,8.574999,10,332980,-58,435
20260904T225015Z-3127d875,141,white,7,v3,Nxe3,f5e3,8.764,0.719059,8.144941,,,,
20260904T225015Z-3127d875,141,white,8,Storm r2,fxe3,f2e3,8.575,0.394764,8.280236,10,373389,-45,448
20260904T225015Z-3127d875,141,white,9,v3,Bb4+,f8b4,8.145,0.645675,7.599324999999999,,,,
20260904T225015Z-3127d875,141,white,10,Storm r2,Ned2,e4d2,8.28,0.340024,8.039976,11,325995,-40,475
20260904T225015Z-3127d875,141,white,11,v3,O-O,e8g8,7.599,0.469514,7.229486,,,,
20260904T225015Z-3127d875,141,white,12,Storm r2,a3,a2a3,8.04,0.299591,7.840408999999999,10,266441,-45,440
20260904T225015Z-3127d875,141,white,13,v3,Bxd2+,b4d2,7.229,0.44823,6.88077,,,,
20260904T225015Z-3127d875,141,white,14,Storm r2,Qxd2,d1d2,7.84,0.47407,7.46593,12,475911,-38,473
20260904T225015Z-3127d875,141,white,15,v3,Bf5,c8f5,6.881,0.43674,6.54426,,,,
20260904T225015Z-3127d875,141,white,16,Storm r2,Qc3,d2c3,7.466,0.6073289999999999,6.958671000000001,11,563857,-53,1061
20260904T225015Z-3127d875,141,white,17,v3,Qd5,d8d5,6.544,0.487447,6.156553,,,,
20260904T225015Z-3127d875,141,white,18,Storm r2,Rc1,a1c1,6.959,0.34155399999999997,6.717446,11,326050,-56,433
20260904T225015Z-3127d875,141,white,19,v3,Be6,f5e6,6.157,0.6616960000000001,5.5953040000000005,,,,
20260904T225015Z-3127d875,141,white,20,Storm r2,g3,g2g3,6.717,0.40354399999999996,6.413456,11,382534,-29,520
20260904T225015Z-3127d875,141,white,21,v3,Qa5,d5a5,5.595,0.44248200000000004,5.252518,,,,
20260904T225015Z-3127d875,141,white,22,Storm r2,e4,e3e4,6.414,0.483971,6.030029000000001,14,552271,3,427
20260904T225015Z-3127d875,141,white,23,v3,Qxc3+,a5c3,5.252,0.453934,4.898066,,,,
20260904T225015Z-3127d875,141,white,24,Storm r2,Rxc3,c1c3,6.03,0.407549,5.722451,15,470316,11,445
20260904T225015Z-3127d875,141,white,25,v3,Na5,c6a5,4.898,0.39275299999999996,4.605247,,,,
20260904T225015Z-3127d875,141,white,26,Storm r2,d5,d4d5,5.722,0.433531,5.388469,14,497882,12,413
20260904T225015Z-3127d875,141,white,27,v3,Bd7,e6d7,4.606,0.5886119999999999,4.117388,,,,
20260904T225015Z-3127d875,141,white,28,Storm r2,Bg2,f1g2,5.388,0.523199,4.9648010000000005,13,556242,9,411
20260904T225015Z-3127d875,141,white,29,v3,Rfe8,f8e8,4.117,0.40865199999999996,3.808348,,,,
20260904T225015Z-3127d875,141,white,30,Storm r2,Nd4,f3d4,4.965,0.597949,4.4670510000000005,13,649131,9,394
20260904T225015Z-3127d875,141,white,31,v3,Rad8,a8d8,3.808,0.47788099999999994,3.4301190000000004,,,,
20260904T225015Z-3127d875,141,white,32,Storm r2,O-O,e1g1,4.467,0.507157,4.059843,12,522706,4,389
20260904T225015Z-3127d875,141,white,33,v3,b5,b7b5,3.43,0.452421,3.077579,,,,
20260904T225015Z-3127d875,141,white,34,Storm r2,e3,e2e3,4.06,0.609617,3.5503829999999996,12,679823,-2,657
20260904T225015Z-3127d875,141,white,35,v3,a6,a7a6,3.078,0.536901,2.641099,,,,
20260904T225015Z-3127d875,141,white,36,Storm r2,Rcc1,c3c1,3.55,0.7401449999999999,2.909855,12,844960,1,632
20260904T225015Z-3127d875,141,white,37,v3,Nb7,a5b7,2.641,0.317959,2.423041,,,,
20260904T225015Z-3127d875,141,white,38,Storm r2,b3,b2b3,2.91,0.333051,2.676949,11,392865,-12,369
20260904T225015Z-3127d875,141,white,39,v3,Nd6,b7d6,2.423,0.287563,2.235437,,,,
20260904T225015Z-3127d875,141,white,40,Storm r2,bxc4,b3c4,2.677,0.56478,2.2122200000000003,12,646323,-7,849
20260904T225015Z-3127d875,141,white,41,v3,bxc4,b5c4,2.235,0.503553,1.831447,,,,
20260904T225015Z-3127d875,141,white,42,Storm r2,Rfe1,f1e1,2.212,0.463007,1.8489929999999999,11,496957,-19,327
20260904T225015Z-3127d875,141,white,43,v3,Rb8,d8b8,1.832,0.266796,1.665204,,,,
20260904T225015Z-3127d875,141,white,44,Storm r2,Bf1,g2f1,1.849,0.255482,1.693518,12,304221,9,296
20260904T225015Z-3127d875,141,white,45,v3,Rxe4,e8e4,1.665,0.38373599999999997,1.381264,,,,
20260904T225015Z-3127d875,141,white,46,Storm r2,Bxc4,f1c4,1.694,0.304892,1.4891079999999999,13,328916,13,286
20260904T225015Z-3127d875,141,white,47,v3,Nxc4,d6c4,1.381,0.352995,1.1280050000000001,,,,
20260904T225015Z-3127d875,141,white,48,Storm r2,Rxc4,c1c4,1.489,0.21219,1.3768099999999999,12,221607,13,278
20260904T225015Z-3127d875,141,white,49,v3,Rc8,b8c8,1.128,0.42497199999999996,0.8030280000000001,,,,
20260904T225015Z-3127d875,141,white,50,Storm r2,Rec1,e1c1,1.376,0.5748730000000001,0.9011269999999999,12,599377,35,674
20260904T225015Z-3127d875,141,white,51,v3,Rxe3,e4e3,0.803,0.40378800000000004,0.499212,,,,
20260904T225015Z-3127d875,141,white,52,Storm r2,Rxc7,c4c7,0.901,0.24418,0.7568199999999999,13,234101,73,280
20260904T225015Z-3127d875,141,white,53,v3,Kh8,g8h8,0.499,0.001221,0.597779,,,,
20260904T225015Z-3127d875,141,white,54,Storm r2,Rxc8+,c7c8,0.757,0.326144,0.530856,14,381374,1005,356
20260904T225015Z-3127d875,141,white,55,v3,Be8,d7e8,0.598,0.001305,0.6966950000000001,,,,
20260904T225015Z-3127d875,141,white,56,Storm r2,d6,d5d6,0.531,0.037094,0.5939059999999999,8,30237,1313,129
20260904T225015Z-3127d875,141,white,57,v3,h6,h7h6,0.696,0.245818,0.5501820000000001,,,,
20260904T225015Z-3127d875,141,white,58,Storm r2,d7,d6d7,0.594,0.183877,0.510123,10,150988,1796,192
20260904T225015Z-3127d875,141,white,59,v3,Kg8,h8g8,0.551,0.001006,0.6499940000000001,,,,
20260904T225015Z-3127d875,141,white,60,Storm r2,Rxe8+,c8e8,0.51,0.045077,0.564923,8,40563,2265,108
20260904T225015Z-3127d875,141,white,61,v3,Kh7,g8h7,0.65,0.086559,0.6634410000000001,,,,
20260904T225015Z-3127d875,141,white,62,Storm r2,Rxe3,e8e3,0.565,0.13100299999999998,0.533997,10,136186,2395,163
20260904T225015Z-3127d875,141,white,63,v3,a5,a6a5,0.663,0.187452,0.575548,,,,
20260904T225015Z-3127d875,141,white,64,Storm r2,d8=Q,d7d8q,0.534,0.134928,0.499072,8,113664,2395,86
20260904T225015Z-3127d875,141,white,65,v3,Kg6,h7g6,0.575,0.000772,0.6742279999999999,,,,
20260904T225015Z-3127d875,141,white,66,Storm r2,Qxa5,d8a5,0.499,0.002125,0.596875,1,122,31991,97
20260904T225015Z-3127d875,141,white,67,v3,h5,h6h5,0.675,0.127702,0.647298,,,,
20260904T225015Z-3127d875,141,white,68,Storm r2,Re8,e3e8,0.597,0.002262,0.6947380000000001,1,112,31993,195
20260904T225015Z-3127d875,141,white,69,v3,f6,f7f6,0.647,0.067488,0.6795119999999999,,,,
20260904T225015Z-3127d875,141,white,70,Storm r2,Rh8,e8h8,0.694,0.002691,0.7913089999999999,1,117,31995,292
20260904T225015Z-3127d875,141,white,71,v3,Kf7,g6f7,0.679,0.035387,0.7436130000000001,,,,
20260904T225015Z-3127d875,141,white,72,Storm r2,Rc7+,c1c7,0.792,0.0028380000000000002,0.889162,1,121,31997,390
20260904T225015Z-3127d875,141,white,73,v3,Kg6,f7g6,0.744,0.001611,0.842389,,,,
20260904T225015Z-3127d875,141,white,74,Storm r2,Qxh5#,a5h5,0.889,0.00312,0.98588,1,108,31999,425
20260904T225015Z-3127d875,141,black,0,v3,c4,c2c4,10.0,0.870318,9.229682,,,,
20260904T225015Z-3127d875,141,black,1,Storm r2,dxc4,d5c4,10.0,0.9578819999999999,9.142118,11,904390,62,816
20260904T225015Z-3127d875,141,black,2,v3,Qc2,d1c2,9.229,0.822674,8.506326000000001,,,,
20260904T225015Z-3127d875,141,black,3,Storm r2,Nbc6,b8c6,9.142,0.8204009999999999,8.421599,11,734610,69,669
20260904T225015Z-3127d875,141,black,4,v3,Nc3,b1c3,8.506,0.728313,7.877687,,,,
20260904T225015Z-3127d875,141,black,5,Storm r2,Bf5,c8f5,8.421,0.664456,7.8565439999999995,11,607316,84,754
20260904T225015Z-3127d875,141,black,6,v3,O-O-O,e1c1,7.878,0.769312,7.208688,,,,
20260904T225015Z-3127d875,141,black,7,Storm r2,Nd5,e7d5,7.857,0.295323,7.661677,11,264925,109,421
20260904T225015Z-3127d875,141,black,8,v3,Nxd5,c3d5,7.209,0.7411019999999999,6.5678980000000005,,,,
20260904T225015Z-3127d875,141,black,9,Storm r2,Qxd5,d8d5,7.661,0.306986,7.454014,11,260964,116,422
20260904T225015Z-3127d875,141,black,10,v3,Nh3,g1h3,6.567,0.5941369999999999,6.072863,,,,
20260904T225015Z-3127d875,141,black,11,Storm r2,Bd6,f8d6,7.454,0.764725,6.789275,11,698225,119,412
20260904T225015Z-3127d875,141,black,12,v3,b3,b2b3,6.073,0.404078,5.768922000000001,,,,
20260904T225015Z-3127d875,141,black,13,Storm r2,cxb3,c4b3,6.789,0.971904,5.917096,11,836759,153,1169
20260904T225015Z-3127d875,141,black,14,v3,Qxb3,c2b3,5.769,0.687107,5.181893,,,,
20260904T225015Z-3127d875,141,black,15,Storm r2,Nb4,c6b4,5.917,0.520376,5.496624,12,485302,148,380
20260904T225015Z-3127d875,141,black,16,v3,Kb2,c1b2,5.182,0.429734,4.852265999999999,,,,
20260904T225015Z-3127d875,141,black,17,Storm r2,Qxb3+,d5b3,5.497,0.30249400000000004,5.294506,10,263630,136,399
20260904T225015Z-3127d875,141,black,18,v3,axb3,a2b3,4.852,0.527062,4.424938,,,,
20260904T225015Z-3127d875,141,black,19,Storm r2,Nd5,b4d5,5.294,0.30842200000000003,5.085578,11,354891,137,387
20260904T225015Z-3127d875,141,black,20,v3,Bd2,e3d2,4.425,0.333924,4.191076,,,,
20260904T225015Z-3127d875,141,black,21,Storm r2,O-O,e8g8,5.086,0.280532,4.905468,10,268360,137,381
20260904T225015Z-3127d875,141,black,22,v3,e3,e2e3,4.191,0.49248200000000003,3.798518,,,,
20260904T225015Z-3127d875,141,black,23,Storm r2,Rad8,a8d8,4.905,0.606192,4.398808,11,630848,130,460
20260904T225015Z-3127d875,141,black,24,v3,Be2,f1e2,3.798,0.448401,3.449599,,,,
20260904T225015Z-3127d875,141,black,25,Storm r2,Nf6,d5f6,4.399,0.71565,3.78335,11,746562,136,964
20260904T225015Z-3127d875,141,black,26,v3,Ra1,d1a1,3.45,0.378257,3.1717429999999998,,,,
20260904T225015Z-3127d875,141,black,27,Storm r2,a6,a7a6,3.783,0.356478,3.526522,10,358449,143,362
20260904T225015Z-3127d875,141,black,28,v3,Ra5,a1a5,3.172,0.528072,2.743928,,,,
20260904T225015Z-3127d875,141,black,29,Storm r2,Bc8,f5c8,3.527,0.609268,3.017732,12,580826,139,519
20260904T225015Z-3127d875,141,black,30,v3,Bc3,d2c3,2.744,0.44368799999999997,2.400312,,,,
20260904T225015Z-3127d875,141,black,31,Storm r2,Bg4,c8g4,3.017,0.471843,2.645157,11,453161,139,325
20260904T225015Z-3127d875,141,black,32,v3,Bxg4,e2g4,2.4,0.414562,2.085438,,,,
20260904T225015Z-3127d875,141,black,33,Storm r2,Nxg4,f6g4,2.646,0.237986,2.508014,10,229408,142,328
20260904T225015Z-3127d875,141,black,34,v3,g3,g2g3,2.085,0.551064,1.633936,,,,
20260904T225015Z-3127d875,141,black,35,Storm r2,h6,h7h6,2.508,0.576195,2.031805,11,538464,137,320
20260904T225015Z-3127d875,141,black,36,v3,d5,d4d5,1.634,0.401003,1.332997,,,,
20260904T225015Z-3127d875,141,black,37,Storm r2,Rfe8,f8e8,2.031,0.39517399999999997,1.735826,11,353993,141,452
20260904T225015Z-3127d875,141,black,38,v3,Kb1,b2b1,1.333,0.28739299999999995,1.145607,,,,
20260904T225015Z-3127d875,141,black,39,Storm r2,Rc8,d8c8,1.736,0.526747,1.3092530000000002,11,510937,134,369
20260904T225015Z-3127d875,141,black,40,v3,Bd4,c3d4,1.146,0.26098899999999997,0.985011,,,,
20260904T225015Z-3127d875,141,black,41,Storm r2,Kh7,g8h7,1.309,0.311067,1.097933,11,289773,140,340
20260904T225015Z-3127d875,141,black,42,v3,Ra4,a5a4,0.984,0.482743,0.601257,,,,
20260904T225015Z-3127d875,141,black,43,Storm r2,Ne5,g4e5,1.098,0.6983830000000001,0.499617,11,677888,134,696
20260904T225015Z-3127d875,141,black,44,v3,Bxe5,d4e5,0.602,0.046104,0.6558959999999999,,,,
20260904T225015Z-3127d875,141,black,45,Storm r2,Rxe5,e8e5,0.5,0.047119,0.552881,11,48737,127,74
20260904T225015Z-3127d875,141,black,46,v3,Rd4,a4d4,0.655,0.123083,0.6319170000000001,,,,
20260904T225015Z-3127d875,141,black,47,Storm r2,Rd8,c8d8,0.553,0.120692,0.532308,8,126244,142,152
20260904T225015Z-3127d875,141,black,48,v3,Nf4,h3f4,0.632,0.032536,0.699464,,,,
20260904T225015Z-3127d875,141,black,49,Storm r2,g5,g7g5,0.532,0.083244,0.548756,10,92951,178,131
20260904T225015Z-3127d875,141,black,50,v3,Ne2,f4e2,0.7,0.21835,0.58165,,,,
20260904T225015Z-3127d875,141,black,51,Storm r2,Bc5,d6c5,0.549,0.0943,0.5547000000000001,10,110444,161,97
20260904T225015Z-3127d875,141,black,52,v3,Rxe4,d4e4,0.581,0.001168,0.679832,,,,
20260904T225015Z-3127d875,141,black,53,Storm r2,Rxe4,e5e4,0.554,0.09517700000000001,0.558823,11,109522,521,105
20260904T225015Z-3127d875,141,black,54,v3,Rc1,h1c1,0.68,0.140574,0.6394259999999999,,,,
20260904T225015Z-3127d875,141,black,55,Storm r2,b6,b7b6,0.559,0.121095,0.537905,10,137513,521,125
20260904T225015Z-3127d875,141,black,56,v3,Nc3,e2c3,0.64,0.07452299999999999,0.665477,,,,
20260904T225015Z-3127d875,141,black,57,Storm r2,Re5,e4e5,0.538,0.042372,0.5956279999999999,9,47282,523,89
20260904T225015Z-3127d875,141,black,58,v3,g4,g3g4,0.665,0.16383699999999998,0.601163,,,,
20260904T225015Z-3127d875,141,black,59,Storm r2,Kg7,h7g7,0.595,0.048164,0.646836,7,52418,527,194
20260904T225015Z-3127d875,141,black,60,v3,Nb5,c3b5,0.601,0.001073,0.699927,,,,
20260904T225015Z-3127d875,141,black,61,Storm r2,axb5,a6b5,0.647,0.115273,0.6317269999999999,10,113807,974,246
20260904T225015Z-3127d875,141,black,62,v3,Rd1,c1d1,0.7,0.10998000000000001,0.69002,,,,
20260904T225015Z-3127d875,141,black,63,Storm r2,Rexd5,e5d5,0.632,0.12998300000000002,0.602017,13,157845,1053,155
20260904T225015Z-3127d875,141,black,64,v3,Rxd5,d1d5,0.69,0.13281700000000002,0.657183,,,,
20260904T225015Z-3127d875,141,black,65,Storm r2,Rxd5,d8d5,0.602,0.20238,0.49962,12,221184,1097,200
20260904T225015Z-3127d875,141,black,66,v3,Kc1,b1c1,0.657,0.132446,0.6245539999999999,,,,
20260904T225015Z-3127d875,141,black,67,Storm r2,Bb4,c5b4,0.499,0.027924,0.571076,9,33864,1121,64
20260904T225015Z-3127d875,141,black,68,v3,f4,f2f4,0.625,0.11555599999999999,0.609444,,,,
20260904T225015Z-3127d875,141,black,69,Storm r2,Rd3,d5d3,0.572,0.078531,0.593469,9,103627,1121,111
20260904T225015Z-3127d875,141,black,70,v3,fxg5,f4g5,0.609,0.010291999999999999,0.698708,,,,
20260904T225015Z-3127d875,141,black,71,Storm r2,hxg5,h6g5,0.593,0.038335,0.6546649999999999,8,36500,1123,125
20260904T225015Z-3127d875,141,black,72,v3,e4,e3e4,0.699,0.20319900000000002,0.5958009999999999,,,,
20260904T225015Z-3127d875,141,black,73,Storm r2,Kf6,g7f6,0.655,0.141874,0.613126,9,199481,1210,253
20260904T225015Z-3127d875,141,black,74,v3,Kc2,c1c2,0.595,0.000848,0.694152,,,,
20260904T225015Z-3127d875,141,black,75,Storm r2,Rd2+,d3d2,0.613,0.11256699999999999,0.600433,10,145732,1290,211
20260904T225015Z-3127d875,141,black,76,v3,Kb1,c2b1,0.694,0.129743,0.6642570000000001,,,,
20260904T225015Z-3127d875,141,black,77,Storm r2,Rxh2,d2h2,0.6,0.10113899999999999,0.598861,10,124229,1290,129
20260904T225015Z-3127d875,141,black,78,v3,Kc1,b1c1,0.665,0.072387,0.692613,,,,
20260904T225015Z-3127d875,141,black,79,Storm r2,Ke6,f6e6,0.599,0.08862099999999999,0.610379,9,120636,1290,157
20260904T225015Z-3127d875,141,black,80,v3,Kd1,c1d1,0.692,0.122684,0.669316,,,,
20260904T225015Z-3127d875,141,black,81,Storm r2,Ke5,e6e5,0.61,0.140882,0.5691179999999999,9,134806,31989,208
20260904T225015Z-3127d875,141,black,82,v3,Kc1,d1c1,0.669,0.122734,0.646266,,,,
20260904T225015Z-3127d875,141,black,83,Storm r2,Kxe4,e5e4,0.569,0.0020369999999999997,0.666963,1,62,31991,167
20260904T225015Z-3127d875,141,black,84,v3,Kd1,c1d1,0.647,0.055399000000000004,0.691601,,,,
20260904T225015Z-3127d875,141,black,85,Storm r2,Kd3,e4d3,0.667,0.002219,0.7647809999999999,1,68,31993,265
20260904T225015Z-3127d875,141,black,86,v3,Kc1,d1c1,0.691,0.09147799999999999,0.6995220000000001,,,,
20260904T225015Z-3127d875,141,black,87,Storm r2,Rh1+,h2h1,0.765,0.002007,0.862993,1,63,31995,363
20260904T225015Z-3127d875,141,black,88,v3,Kb2,c1b2,0.7,0.001252,0.798748,,,,
20260904T225015Z-3127d875,141,black,89,Storm r2,Bc3+,b4c3,0.863,0.001871,0.961129,1,69,31997,425
20260904T225015Z-3127d875,141,black,90,v3,Ka3,b2a3,0.798,0.001259,0.896741,,,,
20260904T225015Z-3127d875,141,black,91,Storm r2,Ra1#,h1a1,0.961,0.00196,1.05904,1,80,31999,425
20260904T225015Z-3127d875,142,white,0,Storm r2,Qh5+,d1h5,10.0,0.369413,9.730587,13,297409,439,467
20260904T225015Z-3127d875,142,white,1,v3,g6,g7g6,10.0,0.470559,9.629441,,,,
20260904T225015Z-3127d875,142,white,2,Storm r2,fxg6,f5g6,9.73,0.470532,9.359468000000001,14,425074,455,452
20260904T225015Z-3127d875,142,white,3,v3,Bg7,f8g7,9.629,0.8188730000000001,8.910127000000001,,,,
20260904T225015Z-3127d875,142,white,4,Storm r2,gxh7+,g6h7,9.359,0.657265,8.801735,13,562695,457,445
20260904T225015Z-3127d875,142,white,5,v3,Kf8,e8f8,8.91,0.29075799999999996,8.719242,,,,
20260904T225015Z-3127d875,142,white,6,Storm r2,hxg8=Q+,h7g8q,8.802,0.625247,8.276753000000001,13,523288,461,437
20260904T225015Z-3127d875,142,white,7,v3,Kxg8,f8g8,8.719,0.684031,8.134969,,,,
20260904T225015Z-3127d875,142,white,8,Storm r2,Qd1,h5d1,8.277,0.876374,7.5006260000000005,13,778892,465,430
20260904T225015Z-3127d875,142,white,9,v3,d5,d6d5,8.135,0.45645800000000003,7.778542000000001,,,,
20260904T225015Z-3127d875,142,white,10,Storm r2,Nf3,g1f3,7.5,0.282361,7.317639,11,272261,466,413
20260904T225015Z-3127d875,142,white,11,v3,Nd4,c6d4,7.779,0.625366,7.253634,,,,
20260904T225015Z-3127d875,142,white,12,Storm r2,Bxd7,b5d7,7.318,0.271461,7.146539,11,237450,474,411
20260904T225015Z-3127d875,142,white,13,v3,Qxd7,d8d7,7.253,0.540473,6.812527,,,,
20260904T225015Z-3127d875,142,white,14,Storm r2,Nxd4,f3d4,7.146,0.357688,6.888312,11,315199,484,414
20260904T225015Z-3127d875,142,white,15,v3,Bxd4,g7d4,6.813,0.5881409999999999,6.324859,,,,
20260904T225015Z-3127d875,142,white,16,Storm r2,O-O,e1g1,6.889,0.36957999999999996,6.61942,10,283427,487,415
20260904T225015Z-3127d875,142,white,17,v3,Rd8,a8d8,6.324,0.9201159999999999,5.503884,,,,
20260904T225015Z-3127d875,142,white,18,Storm r2,c3,c2c3,6.619,0.40966199999999997,6.3093379999999994,10,353108,499,412
20260904T225015Z-3127d875,142,white,19,v3,Be5,d4e5,5.504,0.756931,4.847068999999999,,,,
20260904T225015Z-3127d875,142,white,20,Storm r2,h3,h2h3,6.309,0.35534699999999997,6.053653000000001,10,308666,503,405
20260904T225015Z-3127d875,142,white,21,v3,c5,c7c5,4.847,0.404171,4.542828999999999,,,,
20260904T225015Z-3127d875,142,white,22,Storm r2,d4,d3d4,6.054,0.7491749999999999,5.404825,12,634368,516,408
20260904T225015Z-3127d875,142,white,23,v3,cxd4,c5d4,4.543,0.456503,4.186496999999999,,,,
20260904T225015Z-3127d875,142,white,24,Storm r2,cxd4,c3d4,5.405,0.273596,5.231404,12,257747,528,380
20260904T225015Z-3127d875,142,white,25,v3,Bg7,e5g7,4.186,0.5029669999999999,3.783033,,,,
20260904T225015Z-3127d875,142,white,26,Storm r2,Bg5,c1g5,5.231,0.281499,5.049501,12,255374,536,380
20260904T225015Z-3127d875,142,white,27,v3,Rc8,d8c8,3.783,0.668416,3.214584,,,,
20260904T225015Z-3127d875,142,white,28,Storm r2,Qd3,d1d3,5.05,0.387498,4.7625020000000005,10,352686,526,493
20260904T225015Z-3127d875,142,white,29,v3,Qd6,d7d6,3.215,0.290877,3.024123,,,,
20260904T225015Z-3127d875,142,white,30,Storm r2,Nc3,b1c3,4.762,0.40188999999999997,4.460109999999999,10,338494,562,377
20260904T225015Z-3127d875,142,white,31,v3,e5,e7e5,3.024,0.457621,2.666379,,,,
20260904T225015Z-3127d875,142,white,32,Storm r2,Rac1,a1c1,4.46,0.6637569999999999,3.896243,10,511177,574,442
20260904T225015Z-3127d875,142,white,33,v3,exd4,e5d4,2.666,0.428944,2.337056,,,,
20260904T225015Z-3127d875,142,white,34,Storm r2,Nxd5,c3d5,3.896,1.100411,2.8955889999999997,11,750303,709,1080
20260904T225015Z-3127d875,142,white,35,v3,Rxc1,c8c1,2.337,0.421126,2.015874,,,,
20260904T225015Z-3127d875,142,white,36,Storm r2,Ne7+,d5e7,2.896,0.31738,2.67862,11,236631,719,327
20260904T225015Z-3127d875,142,white,37,v3,Qxe7,d6e7,2.016,0.303613,1.812387,,,,
20260904T225015Z-3127d875,142,white,38,Storm r2,Bxe7,g5e7,2.678,0.6890660000000001,2.088934,13,648411,763,554
20260904T225015Z-3127d875,142,white,39,v3,Rxf1+,c1f1,1.813,0.467721,1.445279,,,,
20260904T225015Z-3127d875,142,white,40,Storm r2,Kxf1,g1f1,2.089,0.969881,1.219119,13,996395,791,927
20260904T225015Z-3127d875,142,white,41,v3,b6,b7b6,1.445,0.474252,1.070748,,,,
20260904T225015Z-3127d875,142,white,42,Storm r2,Qc4+,d3c4,1.219,0.29749000000000003,1.02151,14,353768,859,286
20260904T225015Z-3127d875,142,white,43,v3,Kh7,g8h7,1.07,0.524632,0.645368,,,,
20260904T225015Z-3127d875,142,white,44,Storm r2,Qf7,c4f7,1.022,0.622952,0.499048,13,453632,859,278
20260904T225015Z-3127d875,142,white,45,v3,Kh6,h7h6,0.646,0.079952,0.666048,,,,
20260904T225015Z-3127d875,142,white,46,Storm r2,Qf5,f7f5,0.499,0.099328,0.499672,8,126976,1230,63
20260904T225015Z-3127d875,142,white,47,v3,Be5,g7e5,0.666,0.207401,0.558599,,,,
20260904T225015Z-3127d875,142,white,48,Storm r2,Bg5+,e7g5,0.499,0.074359,0.524641,8,68400,1563,97
20260904T225015Z-3127d875,142,white,49,v3,Kg7,h6g7,0.558,0.000871,0.6571290000000001,,,,
20260904T225015Z-3127d875,142,white,50,Storm r2,Qxe5+,f5e5,0.525,0.12665600000000002,0.498344,7,104448,1563,81
20260904T225015Z-3127d875,142,white,51,v3,Kg8,g7g8,0.657,0.063307,0.693693,,,,
20260904T225015Z-3127d875,142,white,52,Storm r2,Qe6+,e5e6,0.498,0.002166,0.5958340000000001,1,85,31993,96
20260904T225015Z-3127d875,142,white,53,v3,Kf8,g8f8,0.694,0.095454,0.698546,,,,
20260904T225015Z-3127d875,142,white,54,Storm r2,Qe7+,e6e7,0.596,0.002142,0.693858,1,86,31995,194
20260904T225015Z-3127d875,142,white,55,v3,Kg8,f8g8,0.699,0.0033889999999999997,0.795611,,,,
20260904T225015Z-3127d875,142,white,56,Storm r2,Bf6,g5f6,0.694,0.0018520000000000001,0.7921480000000001,1,80,31997,292
20260904T225015Z-3127d875,142,white,57,v3,Rh7,h8h7,0.795,0.0015860000000000002,0.893414,,,,
20260904T225015Z-3127d875,142,white,58,Storm r2,Qe8#,e7e8,0.792,0.0018839999999999998,0.890116,1,100,31999,390
20260904T225015Z-3127d875,142,black,0,v3,Qh5+,d1h5,10.0,0.656091,9.443909,,,,
20260904T225015Z-3127d875,142,black,1,Storm r2,g6,g7g6,10.0,0.001158,10.098842000000001,,,,
20260904T225015Z-3127d875,142,black,2,v3,fxg6,f5g6,9.443,0.46764999999999995,9.07535,,,,
20260904T225015Z-3127d875,142,black,3,Storm r2,Bg7,f8g7,10.098,0.55653,9.64147,12,466463,-452,494
20260904T225015Z-3127d875,142,black,4,v3,gxh7+,g6h7,9.076,0.6035969999999999,8.572403,,,,
20260904T225015Z-3127d875,142,black,5,Storm r2,Kf8,e8f8,9.642,0.001138,9.740862,,,,
20260904T225015Z-3127d875,142,black,6,v3,hxg8=Q+,h7g8q,8.572,0.8569,7.8151,,,,
20260904T225015Z-3127d875,142,black,7,Storm r2,Kxg8,f8g8,9.741,0.697576,9.143424,12,571806,-457,495
20260904T225015Z-3127d875,142,black,8,v3,Qd1,h5d1,7.815,0.8446699999999999,7.07033,,,,
20260904T225015Z-3127d875,142,black,9,Storm r2,Ne5,c6e5,9.143,0.7545449999999999,8.488455,11,673540,-461,456
20260904T225015Z-3127d875,142,black,10,v3,Bxd7,b5d7,7.07,0.593245,6.576755,,,,
20260904T225015Z-3127d875,142,black,11,Storm r2,Qxd7,d8d7,8.488,0.8717290000000001,7.716271,11,753997,-473,457
20260904T225015Z-3127d875,142,black,12,v3,d4,d3d4,6.577,0.656266,6.020734,,,,
20260904T225015Z-3127d875,142,black,13,Storm r2,Ng6,e5g6,7.716,0.513027,7.302973,11,470979,-480,441
20260904T225015Z-3127d875,142,black,14,v3,Ne2,g1e2,6.021,0.516419,5.6045810000000005,,,,
20260904T225015Z-3127d875,142,black,15,Storm r2,e5,e7e5,7.303,0.727158,6.675841999999999,10,645963,-487,1008
20260904T225015Z-3127d875,142,black,16,v3,dxe5,d4e5,5.604,0.581896,5.122104,,,,
20260904T225015Z-3127d875,142,black,17,Storm r2,Bxe5,g7e5,6.676,0.28298700000000004,6.4930129999999995,9,235951,-486,402
20260904T225015Z-3127d875,142,black,18,v3,Qd5+,d1d5,5.122,0.7458790000000001,4.476121,,,,
20260904T225015Z-3127d875,142,black,19,Storm r2,Kh7,g8h7,6.493,0.596075,5.996925,11,476807,-483,436
20260904T225015Z-3127d875,142,black,20,v3,Qxb7,d5b7,4.476,0.647995,3.928005,,,,
20260904T225015Z-3127d875,142,black,21,Storm r2,Rab8,a8b8,5.997,0.371398,5.725602,10,321576,-486,427
20260904T225015Z-3127d875,142,black,22,v3,Qxa7,b7a7,3.928,0.598164,3.4298360000000003,,,,
20260904T225015Z-3127d875,142,black,23,Storm r2,Bxb2,e5b2,5.726,0.263493,5.562506999999999,10,221716,-482,390
20260904T225015Z-3127d875,142,black,24,v3,Bxb2,c1b2,3.43,0.490739,3.0392609999999998,,,,
20260904T225015Z-3127d875,142,black,25,Storm r2,Rxb2,b8b2,5.562,0.423117,5.2388829999999995,11,346430,-512,404
20260904T225015Z-3127d875,142,black,26,v3,Qd4,a7d4,3.039,0.421616,2.717384,,,,
20260904T225015Z-3127d875,142,black,27,Storm r2,Rxc2,b2c2,5.239,0.362958,4.9760420000000005,10,260074,-497,389
20260904T225015Z-3127d875,142,black,28,v3,Na3,b1a3,2.718,0.391341,2.426659,,,,
20260904T225015Z-3127d875,142,black,29,Storm r2,Rc5,c2c5,4.976,0.36475599999999997,4.711244,10,238586,-489,374
20260904T225015Z-3127d875,142,black,30,v3,Nc4,a3c4,2.426,0.39518400000000004,2.130816,,,,
20260904T225015Z-3127d875,142,black,31,Storm r2,Qg7,d7g7,4.711,0.325426,4.485574,10,258456,-492,373
20260904T225015Z-3127d875,142,black,32,v3,Ne3,c4e3,2.131,0.378795,1.8522049999999999,,,,
20260904T225015Z-3127d875,142,black,33,Storm r2,Qxd4,g7d4,4.486,0.811086,3.774914,12,753293,-491,956
20260904T225015Z-3127d875,142,black,34,v3,Nxd4,e2d4,1.852,0.429907,1.5220930000000001,,,,
20260904T225015Z-3127d875,142,black,35,Storm r2,Re8,h8e8,3.774,0.38393299999999997,3.490067,12,394271,-498,360
20260904T225015Z-3127d875,142,black,36,v3,O-O,e1g1,1.522,0.490105,1.1318949999999999,,,,
20260904T225015Z-3127d875,142,black,37,Storm r2,Nf4,g6f4,3.491,0.35495699999999997,3.236043,12,346155,-500,356
20260904T225015Z-3127d875,142,black,38,v3,g3,g2g3,1.132,0.255183,0.976817,,,,
20260904T225015Z-3127d875,142,black,39,Storm r2,Nd5,f4d5,3.236,0.7405900000000001,2.5954099999999998,12,715025,-488,417
20260904T225015Z-3127d875,142,black,40,v3,Nef5,e3f5,0.977,0.26392200000000005,0.813078,,,,
20260904T225015Z-3127d875,142,black,41,Storm r2,Kg6,h7g6,2.595,0.359305,2.3356950000000003,11,348279,-490,323
20260904T225015Z-3127d875,142,black,42,v3,Kg2,g1g2,0.813,0.225344,0.6876559999999999,,,,
20260904T225015Z-3127d875,142,black,43,Storm r2,Re5,e8e5,2.336,0.40204700000000004,2.033953,10,370000,-492,331
20260904T225015Z-3127d875,142,black,44,v3,Nh4+,f5h4,0.687,0.112111,0.674889,,,,
20260904T225015Z-3127d875,142,black,45,Storm r2,Kf6,g6f6,2.033,0.361788,1.771212,12,347606,-481,324
20260904T225015Z-3127d875,142,black,46,v3,Nhf3,h4f3,0.675,0.127062,0.647938,,,,
20260904T225015Z-3127d875,142,black,47,Storm r2,Re4,e5e4,1.772,0.433398,1.438602,12,391002,-489,303
20260904T225015Z-3127d875,142,black,48,v3,Rfe1,f1e1,0.648,0.18763999999999997,0.56036,,,,
20260904T225015Z-3127d875,142,black,49,Storm r2,Rxe1,e4e1,1.438,0.495296,1.0427039999999999,13,491363,-487,666
20260904T225015Z-3127d875,142,black,50,v3,Ne6,d4e6,0.561,0.001074,0.659926,,,,
20260904T225015Z-3127d875,142,black,51,Storm r2,Rxa1,e1a1,1.043,0.36860000000000004,0.7744,15,415212,413,289
20260904T225015Z-3127d875,142,black,52,v3,Nxc5,e6c5,0.659,0.100804,0.658196,,,,
20260904T225015Z-3127d875,142,black,53,Storm r2,dxc5,d6c5,0.774,0.374545,0.499455,13,437248,413,244
20260904T225015Z-3127d875,142,black,54,v3,Nd2,f3d2,0.659,0.207238,0.551762,,,,
20260904T225015Z-3127d875,142,black,55,Storm r2,Rxa2,a1a2,0.5,0.08323900000000001,0.5167609999999999,13,104942,511,69
20260904T225015Z-3127d875,142,black,56,v3,Kh3,g2h3,0.551,0.0008010000000000001,0.650199,,,,
20260904T225015Z-3127d875,142,black,57,Storm r2,Rxd2,a2d2,0.516,0.076803,0.539197,10,95432,996,115
20260904T225015Z-3127d875,142,black,58,v3,Kg2,h3g2,0.65,0.115994,0.634006,,,,
20260904T225015Z-3127d875,142,black,59,Storm r2,c4,c5c4,0.54,0.040934,0.599066,9,40967,1096,139
20260904T225015Z-3127d875,142,black,60,v3,Kf1,g2f1,0.634,0.062847,0.671153,,,,
20260904T225015Z-3127d875,142,black,61,Storm r2,c3,c4c3,0.599,0.199327,0.499673,10,190464,1120,131
20260904T225015Z-3127d875,142,black,62,v3,g4,g3g4,0.672,0.117346,0.654654,,,,
20260904T225015Z-3127d875,142,black,63,Storm r2,Nf4,d5f4,0.499,0.050389,0.548611,8,38729,31991,98
20260904T225015Z-3127d875,142,black,64,v3,g5+,g4g5,0.654,0.054196,0.699804,,,,
20260904T225015Z-3127d875,142,black,65,Storm r2,Ke5,f6e5,0.549,0.0012150000000000002,0.6477849999999999,1,20,31993,148
20260904T225015Z-3127d875,142,black,66,v3,Ke1,f1e1,0.7,0.102804,0.697196,,,,
20260904T225015Z-3127d875,142,black,67,Storm r2,Re2+,d2e2,0.647,0.001881,0.745119,1,72,31995,245
20260904T225015Z-3127d875,142,black,68,v3,Kf1,e1f1,0.697,0.004984,0.7920159999999999,,,,
20260904T225015Z-3127d875,142,black,69,Storm r2,c2,c3c2,0.746,0.001445,0.844555,1,48,31997,345
20260904T225015Z-3127d875,142,black,70,v3,Kg1,f1g1,0.792,0.00113,0.89087,,,,
20260904T225015Z-3127d875,142,black,71,Storm r2,c1=Q#,c2c1q,0.844,0.001442,0.942558,1,45,31999,425
20260904T225015Z-3127d875,143,white,0,Storm r2,fxe6,f5e6,10.0,0.40991000000000005,9.69009,9,376487,90,555
20260904T225015Z-3127d875,143,white,1,v3,Bxe6,c8e6,10.0,0.744993,9.355006999999999,,,,
20260904T225015Z-3127d875,143,white,2,Storm r2,d4,d2d4,9.69,0.36393200000000003,9.426067999999999,10,333004,100,459
20260904T225015Z-3127d875,143,white,3,v3,d5,d6d5,9.354,0.7754500000000001,8.67855,,,,
20260904T225015Z-3127d875,143,white,4,Storm r2,cxd5,c4d5,9.426,0.654501,8.871499,10,566242,89,475
20260904T225015Z-3127d875,143,white,5,v3,Bxd5,e6d5,8.679,0.455945,8.323055,,,,
20260904T225015Z-3127d875,143,white,6,Storm r2,Nc3,b1c3,8.871,0.707595,8.263404999999999,10,599310,92,435
20260904T225015Z-3127d875,143,white,7,v3,Nf6,g8f6,8.323,0.726828,7.696172000000001,,,,
20260904T225015Z-3127d875,143,white,8,Storm r2,a3,a2a3,8.263,0.9091710000000001,7.453829,10,701072,90,428
20260904T225015Z-3127d875,143,white,9,v3,Be7,f8e7,7.696,0.6551549999999999,7.1408450000000006,,,,
20260904T225015Z-3127d875,143,white,10,Storm r2,Be3,c1e3,7.454,0.628548,6.925452,10,529084,94,982
20260904T225015Z-3127d875,143,white,11,v3,Rc8,a8c8,7.141,0.6398980000000001,6.601102,,,,
20260904T225015Z-3127d875,143,white,12,Storm r2,Nh3,g1h3,6.925,0.649248,6.375752,10,551971,113,957
20260904T225015Z-3127d875,143,white,13,v3,Bd6,e7d6,6.601,0.638853,6.0621469999999995,,,,
20260904T225015Z-3127d875,143,white,14,Storm r2,Rc1,a1c1,6.376,0.649231,5.8267690000000005,10,526029,127,478
20260904T225015Z-3127d875,143,white,15,v3,a5,a7a5,6.062,0.387874,5.774126,,,,
20260904T225015Z-3127d875,143,white,16,Storm r2,Ng5,h3g5,5.827,0.322481,5.604519,9,256274,136,479
20260904T225015Z-3127d875,143,white,17,v3,Qe7,d8e7,5.774,0.5486420000000001,5.3253580000000005,,,,
20260904T225015Z-3127d875,143,white,18,Storm r2,Nxd5,c3d5,5.604,0.328343,5.375657,10,221078,181,383
20260904T225015Z-3127d875,143,white,19,v3,Nxd5,f6d5,5.325,0.450611,4.974389,,,,
20260904T225015Z-3127d875,143,white,20,Storm r2,Qg4,d1g4,5.376,0.474754,5.001246,11,325698,178,385
20260904T225015Z-3127d875,143,white,21,v3,Qd7,e7d7,4.975,0.572797,4.502203,,,,
20260904T225015Z-3127d875,143,white,22,Storm r2,Ne6,g5e6,5.001,0.417119,4.683881,9,267908,197,453
20260904T225015Z-3127d875,143,white,23,v3,Rg8,h8g8,4.502,0.49309800000000004,4.108902,,,,
20260904T225015Z-3127d875,143,white,24,Storm r2,Bc4,f1c4,4.684,0.41850299999999996,4.365497,8,233559,236,563
20260904T225015Z-3127d875,143,white,25,v3,Nxe3,d5e3,4.109,0.5358959999999999,3.6731040000000004,,,,
20260904T225015Z-3127d875,143,white,26,Storm r2,fxe3,f2e3,4.365,0.5875929999999999,3.8774070000000003,10,396456,290,591
20260904T225015Z-3127d875,143,white,27,v3,g6,g7g6,3.673,0.340747,3.432253,,,,
20260904T225015Z-3127d875,143,white,28,Storm r2,O-O,e1g1,3.878,0.31921499999999997,3.658785,9,224535,290,341
20260904T225015Z-3127d875,143,white,29,v3,a4,a5a4,3.432,0.56689,2.96511,,,,
20260904T225015Z-3127d875,143,white,30,Storm r2,Bb5,c4b5,3.659,1.125114,2.633886,9,695131,419,1101
20260904T225015Z-3127d875,143,white,31,v3,Be7,d6e7,2.965,0.538928,2.526072,,,,
20260904T225015Z-3127d875,143,white,32,Storm r2,Qe4,g4e4,2.633,0.545402,2.187598,8,345683,617,673
20260904T225015Z-3127d875,143,white,33,v3,g5,g6g5,2.526,0.52055,2.10545,,,,
20260904T225015Z-3127d875,143,white,34,Storm r2,d5,d4d5,2.188,0.635496,1.652504,9,450901,870,655
20260904T225015Z-3127d875,143,white,35,v3,h5,h7h5,2.105,0.46732999999999997,1.73767,,,,
20260904T225015Z-3127d875,143,white,36,Storm r2,dxc6,d5c6,1.652,1.255284,0.4967159999999999,7,517120,1655,690
20260904T225015Z-3127d875,143,white,37,v3,bxc6,b7c6,1.738,0.541591,1.2964090000000001,,,,
20260904T225015Z-3127d875,143,white,38,Storm r2,Bxc6,b5c6,0.497,0.099365,0.497635,5,48128,1655,95
20260904T225015Z-3127d875,143,white,39,v3,Bf6,e7f6,1.296,0.37721,1.0187899999999999,,,,
20260904T225015Z-3127d875,143,white,40,Storm r2,Nxg5+,e6g5,0.498,0.002342,0.595658,1,129,31991,96
20260904T225015Z-3127d875,143,white,41,v3,Kf8,e8f8,1.019,0.334489,0.784511,,,,
20260904T225015Z-3127d875,143,white,42,Storm r2,Rxf6+,f1f6,0.595,0.006457,0.688543,3,2131,31993,193
20260904T225015Z-3127d875,143,white,43,v3,Kg7,f8g7,0.785,0.18997399999999998,0.695026,,,,
20260904T225015Z-3127d875,143,white,44,Storm r2,Qg6+,e4g6,0.689,0.002563,0.786437,1,143,31995,287
20260904T225015Z-3127d875,143,white,45,v3,Kh8,g7h8,0.695,0.001973,0.793027,,,,
20260904T225015Z-3127d875,143,white,46,Storm r2,Qh6+,g6h6,0.786,0.002376,0.8836240000000001,1,136,31997,384
20260904T225015Z-3127d875,143,white,47,v3,Qh7,d7h7,0.793,0.001456,0.891544,,,,
20260904T225015Z-3127d875,143,white,48,Storm r2,Qxh7#,h6h7,0.884,0.002121,0.9818790000000001,1,130,31999,425
20260904T225015Z-3127d875,143,black,0,v3,fxe6,f5e6,10.0,0.8179690000000001,9.282031,,,,
20260904T225015Z-3127d875,143,black,1,Storm r2,Bxe6,c8e6,10.0,0.37811399999999995,9.721886,10,349649,-90,457
20260904T225015Z-3127d875,143,black,2,v3,d4,d2d4,9.281,0.9395399999999999,8.44146,,,,
20260904T225015Z-3127d875,143,black,3,Storm r2,d5,d6d5,9.721,0.671804,9.149196,10,624794,-100,449
20260904T225015Z-3127d875,143,black,4,v3,cxd5,c4d5,8.442,0.8843110000000001,7.657689,,,,
20260904T225015Z-3127d875,143,black,5,Storm r2,Bxd5,e6d5,9.149,0.459677,8.789323,10,397057,-95,455
20260904T225015Z-3127d875,143,black,6,v3,Nc3,b1c3,7.658,0.552126,7.205874,,,,
20260904T225015Z-3127d875,143,black,7,Storm r2,Nf6,g8f6,8.79,0.5494690000000001,8.340530999999999,10,463231,-92,436
20260904T225015Z-3127d875,143,black,8,v3,a3,a2a3,7.205,0.715289,6.589711,,,,
20260904T225015Z-3127d875,143,black,9,Storm r2,Qe7+,d8e7,8.34,0.640689,7.799310999999999,10,532371,-83,659
20260904T225015Z-3127d875,143,black,10,v3,Be3,c1e3,6.59,0.643864,6.046136000000001,,,,
20260904T225015Z-3127d875,143,black,11,Storm r2,O-O-O,e8c8,7.799,0.367197,7.531803,10,284721,-85,420
20260904T225015Z-3127d875,143,black,12,v3,Rc1,a1c1,6.046,0.858486,5.287514,,,,
20260904T225015Z-3127d875,143,black,13,Storm r2,g6,g7g6,7.532,0.470698,7.161302,10,352490,-67,641
20260904T225015Z-3127d875,143,black,14,v3,Nge2,g1e2,5.288,0.494338,4.893662,,,,
20260904T225015Z-3127d875,143,black,15,Storm r2,Kb8,c8b8,7.161,0.463365,6.7976350000000005,10,328479,-53,634
20260904T225015Z-3127d875,143,black,16,v3,b4,b2b4,4.893,0.36413999999999996,4.6288599999999995,,,,
20260904T225015Z-3127d875,143,black,17,Storm r2,Bf7,d5f7,6.798,0.6429790000000001,6.255021,11,483178,-44,399
20260904T225015Z-3127d875,143,black,18,v3,b5,b4b5,4.629,0.40528800000000004,4.3237119999999996,,,,
20260904T225015Z-3127d875,143,black,19,Storm r2,Ne5,c6e5,6.255,0.420903,5.9340969999999995,11,282288,-50,386
20260904T225015Z-3127d875,143,black,20,v3,Bf4,e3f4,4.324,0.355251,4.0687489999999995,,,,
20260904T225015Z-3127d875,143,black,21,Storm r2,Nc4,e5c4,5.934,0.318603,5.715397,11,238569,-26,384
20260904T225015Z-3127d875,143,black,22,v3,g3,g2g3,4.068,0.46141000000000004,3.7065900000000003,,,,
20260904T225015Z-3127d875,143,black,23,Storm r2,Nh5,f6h5,5.715,0.292209,5.522791,11,274592,-16,378
20260904T225015Z-3127d875,143,black,24,v3,Bg2,f1g2,3.707,0.380421,3.4265790000000003,,,,
20260904T225015Z-3127d875,143,black,25,Storm r2,Nxf4,h5f4,5.523,0.377503,5.245497,11,357142,-13,575
20260904T225015Z-3127d875,143,black,26,v3,gxf4,g3f4,3.426,0.398962,3.127038,,,,
20260904T225015Z-3127d875,143,black,27,Storm r2,Qxa3,e7a3,5.246,0.491623,4.854377,11,435780,-21,569
20260904T225015Z-3127d875,143,black,28,v3,O-O,e1g1,3.127,0.343873,2.883127,,,,
20260904T225015Z-3127d875,143,black,29,Storm r2,Bg7,f8g7,4.854,0.269868,4.684132,10,240756,-21,362
20260904T225015Z-3127d875,143,black,30,v3,Qd3,d1d3,2.883,0.519525,2.463475,,,,
20260904T225015Z-3127d875,143,black,31,Storm r2,Rhe8,h8e8,4.684,0.267012,4.5169880000000004,9,227191,-21,359
20260904T225015Z-3127d875,143,black,32,v3,d5,d4d5,2.464,0.476416,2.0875839999999997,,,,
20260904T225015Z-3127d875,143,black,33,Storm r2,Nb6,c4b6,4.517,0.342431,4.2745690000000005,10,297452,7,368
20260904T225015Z-3127d875,143,black,34,v3,Qh3,d3h3,2.087,0.5004689999999999,1.686531,,,,
20260904T225015Z-3127d875,143,black,35,Storm r2,Bxc3,g7c3,4.274,0.589623,3.784377,11,522963,48,639
20260904T225015Z-3127d875,143,black,36,v3,Nxc3,e2c3,1.687,0.48433,1.30267,,,,
20260904T225015Z-3127d875,143,black,37,Storm r2,Nxd5,b6d5,3.785,0.374513,3.510487,12,304892,61,342
20260904T225015Z-3127d875,143,black,38,v3,Qf3,h3f3,1.302,0.267695,1.1343050000000001,,,,
20260904T225015Z-3127d875,143,black,39,Storm r2,a6,a7a6,3.51,0.249164,3.3608360000000004,11,201092,61,335
20260904T225015Z-3127d875,143,black,40,v3,bxa6,b5a6,1.135,0.43710000000000004,0.7978999999999999,,,,
20260904T225015Z-3127d875,143,black,41,Storm r2,Qxa6,a3a6,3.361,0.233597,3.227403,11,191282,67,336
20260904T225015Z-3127d875,143,black,42,v3,Ne4,c3e4,0.798,0.433999,0.464001,,,,
20260904T225015Z-3127d875,143,black,43,Storm r2,Qe6,a6e6,3.227,0.26647899999999997,3.060521,10,236654,87,345
20260904T225015Z-3127d875,143,black,44,v3,Nf6,e4f6,0.463,0.0010840000000000001,0.561916,,,,
20260904T225015Z-3127d875,143,black,45,Storm r2,Qxf6,e6f6,3.061,0.431815,2.7291849999999998,10,326799,477,650
20260904T225015Z-3127d875,143,black,46,v3,Qh5,f3h5,0.562,0.0010329999999999998,0.660967,,,,
20260904T225015Z-3127d875,143,black,47,Storm r2,gxh5,g6h5,2.729,0.271531,2.557469,11,218115,1503,321
20260904T225015Z-3127d875,143,black,48,v3,Rce1,c1e1,0.661,0.080036,0.6809639999999999,,,,
20260904T225015Z-3127d875,143,black,49,Storm r2,Nxf4,d5f4,2.557,0.98257,1.6744299999999999,11,849750,1994,730
20260904T225015Z-3127d875,143,black,50,v3,Re3,e1e3,0.681,0.164773,0.616227,,,,
20260904T225015Z-3127d875,143,black,51,Storm r2,Nxg2,f4g2,1.675,0.56209,1.21291,12,480377,2157,667
20260904T225015Z-3127d875,143,black,52,v3,Rxe8,e3e8,0.616,0.021681000000000002,0.6943189999999999,,,,
20260904T225015Z-3127d875,143,black,53,Storm r2,Rxe8,d8e8,1.213,0.22673400000000002,1.0862660000000002,9,201617,31991,680
20260904T225015Z-3127d875,143,black,54,v3,h3,h2h3,0.695,0.143254,0.6517459999999999,,,,
20260904T225015Z-3127d875,143,black,55,Storm r2,Qf3,f6f3,1.086,0.03817,1.14783,6,26827,31993,684
20260904T225015Z-3127d875,143,black,56,v3,Rb1,f1b1,0.651,0.054129,0.696871,,,,
20260904T225015Z-3127d875,143,black,57,Storm r2,Nf4,g2f4,1.148,0.002433,1.245567,1,104,31995,425
20260904T225015Z-3127d875,143,black,58,v3,Rxb7+,b1b7,0.697,0.017364,0.779636,,,,
20260904T225015Z-3127d875,143,black,59,Storm r2,Kxb7,b8b7,1.245,0.001451,1.3435489999999999,1,14,31997,459
20260904T225015Z-3127d875,143,black,60,v3,Kh2,g1h2,0.78,0.00136,0.87864,,,,
20260904T225015Z-3127d875,143,black,61,Storm r2,Qg2#,f3g2,1.344,0.002588,1.4414120000000001,1,115,31999,425
